INSERT INTO `team` (`team_name`,`id`) VALUES ('Admin',0),('Frontend',1),('Backend',2),('Mobile',3),('QA',4),('DevOps',5);
INSERT INTO `user` (`username`,`password`,`first_name`,`last_name`,`admin_level`,`team_id`,`pfp_filename`) VALUES ('md','scrypt:32768:8:1$JXOTdsDc0UmI2FkG$1544a143c9895926c949bfe9c3d57115aea02aa1122b3e43a45e7a2a2ca5e8982fbf325b458af8fea979204a48dfab98150c44c50f9da9d79f97e7b074dad476','Moo','Deng',2,0,'pfp/moo.jpg'),('puxp','scrypt:32768:8:1$ih6dAxSFBLqzvYwi$7c000d8e074a459098c16d3bb30611fe706e359a3207406e5301294c73441c427e53df46685860eefc8afa48e8f000f797432ebd5c6be5685f9ac934ecf0af68','Phil','Punxsutawney',1,3,'pfp/punxsutawney.jpg'),('simba','scrypt:32768:8:1$zwDZTLVEBZuXjN81$e8c1ea9c5e1a674aa2e643d141d9042be9e75b417f4973dd60d771c2f378d75fe7f64f45b7608384a7b305b239ddb8399df1a766f0b0edb948826e474d731f11','Simba','',1,5,'pfp/simba.jpg'),('hachi','scrypt:32768:8:1$w4dLXGpeRLmpNjsx$f7b50ab206d7b9f28f8edd01db9a07660c1162c346ade927440f2e9fee388d3ac9c6b4d7c6231f4a284fdbfcb040ea5b27fadc7db0aca738bca7512c8a0b05cf','Chuken','Hachiko',1,2,'pfp/hachiko.png'),('harambe','scrypt:32768:8:1$oWj4IYxs4WfdtsDf$76e1e6e6ddb831c4b776dc6993ff2f07a245086115996f79e7c5d2ec9fa65d16c4a4bb07cc9755b784fe6c79bac549ddf751a0c4a5d80793934fb1b4e3b95d85','Harambe','Van Coppenolle',0,3,'pfp/harambe.jpg'),('pomgpriv','scrypt:32768:8:1$GzQ2QQfShwWEwctM$aa0d9e927505a25bb252e34448cf92f8d9531a7e2eca70bbc5b972678c7ee8f767fcefcbc77346b620e7fcbf8cd0489479a48947f65a3cb9c2d9614c68e2e3eb','Private','',0,3,'pfp/private.jpg'),('crikey','scrypt:32768:8:1$ELuWgV22HNubwzvq$78071820c667f432fc0ecdeb2f50a3eeeb7fa78c7a74f6beba9cbc9ff49527e95b35450beced2495f0fdea10535ad0a0bcf8252d56dedecde10c14bfe118d20f','Bindi','Irwin',0,5,'pfp/bindi.jpg'),('ohana','scrypt:32768:8:1$yRBPamVhW8UJ0EcB$06bee93590c7cc3c4cd531f8aa5e0b42417de886f4f87f1f3832b333f4f88c10ab12561f65e6e9833e04d70e30d0ccd32cb6ed26a54980b5774a75614a1942fa','Stitch','Pelekai',0,2,'pfp/stitch.jpg'),('laika','scrypt:32768:8:1$LeN5qblWUgALIF8P$ca32717ad2dfef95d4e4bbb5eecb1865ff6d3bd6da1b6e24cdeff60767cdf99841a4afc65b992bed03f930e01841a66d7cb11022c0ff6b2bb5a43709783d4224','Laika','Kudryavka',0,4,'pfp/laika.jpg'),('wolly','scrypt:32768:8:1$34dj55yN8ksnzVqK$908d69a49cbfc0c3b9822afb7ee369355e45cdbe624aae48bdf3277c9cbf9f2df1e674073a7db065aef5f49a9587b03ac97d257ba8e42659e5a894726bb73abf','Lyuba','Khudi',0,NULL,'pfp/lyuba.jpg');
INSERT INTO `issue` (`id`,`author_id`,`progress`,`title`) VALUES (1,2,1,'Shadow Detection'),(2,2,2,'Apple Pay Vulnerabilities'),(3,7,0,'Outback Servers Bandwidth Consumption'),(4,4,0,'Data Lake Migration API Ohana Errors?'),(5,9,0,'Space Compatibility');
INSERT INTO `comment` (`issue_id`,`author_id`,`content`) VALUES (1,2,'Some mobile users are reporting an erroneous six more weeks of winter with a negative shadow reading after the 1.13 patch. Could we check that out?'),(1,6,'Sir, I looked into it. It seems like it''s mostly affecting users with older devices. Specifically, the update is having compatibility problems with systems before iOS 18 and Android 15.'),(1,5,'I submitted a hotfix to revert back to the previous version, but still tackling a permanent fix; @Phil could you give it a look over when you get a chance?'),(1,5,'SUBMIT_STATUS_UPDATE'),(2,2,'The security scan showed a couple minor vulnerabilities for your proposed Apple Pay integration, but I was pretty sure you had everything cleared after this morning''s stand-up?'),(2,6,'Apologies, I had not sent the most recent scan results, just sent them over now.'),(2,6,'SUBMIT_STATUS_UPDATE'),(2,2,'@Private thank you'),(2,2,'CLOSE_STATUS_UPDATE'),(3,7,'Got notice that our outback servers are seeing sudden spikes in bandwidth consumption. I know we started sharing the servers with some local companies, but the impact should not be this drastic.'),(3,3,'Thanks for bringing this up @Bindi. That should not be happening. Make sure that the other organizations are primarily on the HPC clusters; everything the lightweight servers touch is our kingdom.'),(4,4,'@Stitch A lot of your API pull requests looks like they''re adding new features with an Ohana library? As discussed in the planning meeting, because the data lake itself is already using a lot of new tooling, right now we just want to focus migrating from the previous data warehouse. This means our new data lake query APIs should not have any new dependencies that our old APIs did not have. '),(4,8,'Ohana means family and family means Stitch thinks we should use migration as an opportunity to address some inefficiencies of the old data query APIs.'),(4,4,'I completely understand your concern, but right now as a team we''re focused on migration, which is taking up a lot of resources and delaying services for our users. Right now, I think it''s best if we diligently work towards making sure the migration goes smoothly. Afterwards we can focus on addressing inefficiencies.'),(4,4,'Additionally, an explanation of the Ohana library more comprehensive than "it means family" would be appreciated.'),(5,9,'I tested this product in space. It broke.');
INSERT INTO `assignment` (`issue_id`,`assignee_id`) VALUES (1,2);
INSERT INTO `assignment` (`issue_id`,`assignee_id`) VALUES (1,6);
INSERT INTO `assignment` (`issue_id`,`assignee_id`) VALUES (1,5);
INSERT INTO `assignment` (`issue_id`,`assignee_id`) VALUES (2,2);
INSERT INTO `assignment` (`issue_id`,`assignee_id`) VALUES (2,6);
INSERT INTO `assignment` (`issue_id`,`assignee_id`) VALUES (3,7);
INSERT INTO `assignment` (`issue_id`,`assignee_id`) VALUES (4,8);
INSERT INTO `assignment` (`issue_id`,`assignee_id`) VALUES (5,9);
INSERT INTO `issue_team` (`issue_id`,`team_id`) VALUES (1,3),(2,3),(3,5),(4,2),(5,4);
